DT,RF,XGB,LightGBM
feature10,feature22,feature10,feature71
feature71,feature10,feature22,feature10
feature22,feature71,feature71,feature22
feature15,feature15,feature15,feature15
feature5,feature5,feature5,feature5
feature45,feature45,feature45,feature45
feature44,feature2,feature2,feature2
feature2,feature19,feature44,feature49
feature59,feature44,feature46,feature44
feature46,feature31,feature19,feature19
feature66,feature46,feature85,feature85
feature14,feature49,feature49,feature46
feature69,feature85,feature6,feature31
feature19,feature6,feature31,feature14
feature0,feature67,feature89,feature6
feature85,feature32,feature14,feature89
feature6,feature33,feature66,feature86
feature31,feature34,feature32,feature66
feature105,feature106,feature34,feature105
feature76,feature38,feature35,feature37
feature55,feature35,feature33,feature81
feature37,feature36,feature106,feature34
feature35,feature37,feature36,feature30
feature43,feature29,feature37,feature32
feature42,feature39,feature38,feature33
feature49,feature40,feature39,feature41
feature52,feature41,feature40,feature35
feature8,feature42,feature41,feature40
feature106,feature43,feature42,feature36
feature25,feature47,feature43,feature42
feature33,feature30,feature47,feature38
feature95,feature24,feature30,feature29
feature13,feature28,feature24,feature39
feature81,feature13,feature29,feature43
feature30,feature1,feature13,feature106
feature91,feature3,feature1,feature28
feature73,feature4,feature3,feature13
feature39,feature7,feature4,feature1
feature41,feature8,feature7,feature3
feature9,feature9,feature8,feature4
feature79,feature11,feature9,feature7
feature38,feature12,feature11,feature8
feature27,feature14,feature12,feature9
feature24,feature27,feature16,feature11
feature93,feature16,feature28,feature12
feature65,feature17,feature17,feature16
feature89,feature18,feature18,feature27
feature18,feature20,feature20,feature17
feature97,feature21,feature21,feature18
feature29,feature23,feature23,feature20
feature104,feature25,feature25,feature21
feature61,feature26,feature26,feature47
feature70,feature48,feature27,feature24
feature94,feature51,feature48,feature25
feature82,feature50,feature51,feature26
feature34,feature92,feature50,feature23
feature47,feature81,feature79,feature51
feature36,feature82,feature81,feature48
feature58,feature83,feature82,feature93
feature90,feature84,feature83,feature80
feature21,feature86,feature84,feature82
feature56,feature87,feature86,feature83
feature80,feature88,feature87,feature84
feature12,feature89,feature88,feature87
feature26,feature90,feature90,feature88
feature28,feature91,feature91,feature90
feature96,feature93,feature92,feature91
feature92,feature105,feature93,feature92
feature83,feature94,feature94,feature94
feature84,feature95,feature95,feature78
feature23,feature96,feature96,feature95
feature11,feature97,feature97,feature96
feature53,feature98,feature98,feature97
feature48,feature99,feature99,feature98
feature67,feature101,feature101,feature99
feature54,feature102,feature102,feature101
feature98,feature103,feature103,feature102
feature78,feature104,feature104,feature103
feature62,feature80,feature80,feature104
feature32,feature79,feature78,feature79
feature86,feature78,feature105,feature76
feature64,feature76,feature76,feature50
feature4,feature52,feature52,feature62
feature50,feature53,feature53,feature52
feature63,feature54,feature54,feature53
feature101,feature55,feature55,feature54
feature16,feature56,feature56,feature55
feature20,feature58,feature58,feature56
feature51,feature59,feature59,feature58
feature72,feature60,feature60,feature59
feature17,feature61,feature61,feature60
feature7,feature62,feature62,feature61
feature75,feature63,feature63,feature63
feature103,feature64,feature64,feature75
feature88,feature65,feature65,feature64
feature102,feature66,feature67,feature65
feature3,feature68,feature68,feature67
feature99,feature69,feature69,feature68
feature60,feature70,feature70,feature69
feature87,feature72,feature72,feature70
feature40,feature73,feature73,feature72
feature74,feature74,feature74,feature73
feature1,feature75,feature75,feature74
feature68,feature0,feature0,feature0
